t,x1,y1,x2,y2,x3,y3
0.00,0.24300335085308488736,-0.94449930155510686269,-0.93946206442992419294,0.26180257573403870053,0.69645871357683941660,0.68269672582106777359
0.02,0.22407824852006219540,-0.94922820576630428935,-0.93409491144931011686,0.28055113458161784479,0.71001181832594628673,0.66866884292243167209
0.04,0.20508642375239607980,-0.95369390803179210359,-0.92846669853561347718,0.29921485422500115892,0.72336067934689229908,0.65444627353718909379
0.06,0.18603317736001717675,-0.95789521952722866960,-0.92257926683387325717,0.31778856052950038569,0.73650151598796009811,0.64003321012460323569
0.08,0.16692383914311550996,-0.96183112084010657927,-0.91643461799810166379,0.33626714590294265461,0.74943068618053643171,0.62543395782042709996
0.10,0.14776375805253236240,-0.96550076257238259814,-0.91003490940183562330,0.35464557803531071567,0.76214469200467549470,0.61065292583627417411
0.12,0.12855830218976041501,-0.96890346534047722127,-0.90338245413813644813,0.37291889989874321687,0.77464017968909870682,0.59569462745961887506
0.14,0.10931252950588135620,-0.97203833391660099394,-0.89647921350111758887,0.39108230333552534974,0.78691375828555620853,0.58056318507015269859
0.16,0.09003170230911540506,-0.97490482297598568540,-0.88932755819359343707,0.40913099406617614573,0.79896224936382487236,0.56526308457198282120
0.18,0.07072145441698995949,-0.97750300205253104480,-0.88193058503128241021,0.42706019158750363474,0.81078284160572577921,0.54979946189674533397
0.20,0.05138734607015182920,-0.97983306941626968634,-0.87429146125651990840,0.44486524772391644600,0.82237287777915613063,0.53417745204360178590
0.22,0.03203486393236722185,-0.98189535207336731126,-0.86641342453825798131,0.46254164662742358605,0.83372985473809002599,0.51840218907923907299
0.24,0.01266942109052163201,-0.98369030576612259686,-0.85829978297206555027,0.48008500477763493830,0.84485142342257790737,0.50247880613786932713
0.26,-0.00670364294538020045,-0.98521851497296708544,-0.84995391508012840820,0.49749107098176081898,0.85573538885874700366,0.48641243542122997168
0.28,-0.02607906224221404057,-0.98648069290846540635,-0.84137926981124921966,0.51475572637461231018,0.86637971015880077541,0.47020820819858366590
0.30,-0.04545164444373628321,-0.98747768152331527602,-0.83257936654084740979,0.53187498441860081577,0.87678250052101958101,0.45387125480671874911
0.32,-0.06481627077058438324,-0.98821045150434716486,-0.82355779507095905334,0.54884499090373894958,0.88694202722976023257,0.43740670464994824140
0.34,-0.08416789602027596739,-0.98868010227452485239,-0.81431821563023731869,0.56566202394763931416,0.89685671165545621797,0.42081968620011078741
0.36,-0.10350154856720958363,-0.98888786199294487211,-0.80486435887395213484,0.58232249399551561098,0.90652512925461747884,0.40411532699657060075
0.38,-0.12281233036266459013,-0.98883508755483673358,-0.79520002588398985832,0.59882294382018197432,0.91594600956983052154,0.38729875364621646483
0.40,-0.14209541693480076674,-0.98852326459156292238,-0.78532908816885438341,0.61516004852205308229,0.92511823622975852821,0.37037509182346306513
0.42,-0.16134605738865820390,-0.98795400747061934421,-0.77525548766366592091,0.63133061552914426784,0.93404084694914102371,0.35334946627025054511
0.44,-0.18055957440615882925,-0.98712905929563421470,-0.76498323673016144220,0.64733158459707185184,0.94271303352879454174,0.33622700079604339596
0.46,-0.19973136424610399287,-0.98605029190636916958,-0.75451641815669501234,0.66316002780905214387,0.95113414185561173664,0.31901281827783239953
0.48,-0.21885689674417674322,-0.98471970587871882064,-0.74385918515823734598,0.67881314957590288550,0.95930367190256227161,0.30171204066013296297
0.50,-0.23793171531293955123,-0.98313943052471064465,-0.73301576137637614039,0.69428828663604136295,0.96722127772869193052,0.28432978895498628447
0.52,-0.25695143694183686378,-0.98131172389250520549,-0.72199044087931585345,0.70958290805548651647,0.97488676747912328402,0.26687118324195874264
0.54,-0.27591175219719243916,-0.97923897276639593201,-0.71078758816187781466,0.72469461522785683094,0.98230010338505535650,0.24934134266814206304
0.56,-0.29480842522221273327,-0.97692369266680934015,-0.69941163814549944799,0.73962114187437344448,0.98946140176376440323,0.23174538544815220797
0.58,-0.31363729373698318037,-0.97436852785030492186,-0.68786709617823604823,0.75436035404385581860,0.99637093301860257810,0.21408842886413192996
0.60,-0.33239426903846996941,-0.97157625130957503412,-0.67615853803475933770,0.76891025011272517986,1.00302912163899837772,0.19637558926574844032
0.62,-0.35107533600052059919,-0.96854976477344545405,-0.66429060991635768829,0.78326896078500318765,1.00943654620045752957,0.17861198207019479689
0.64,-0.36967683685737590116,-0.96529163656722061226,-0.65226748023744751670,0.79743474262885605253,1.01559366575735254834,0.16080222906974805941
0.66,-0.38819537728585645775,-0.96180455917433438362,-0.64009328156200584470,0.81140614444338421407,1.02150118617149265887,0.14295077689773055818
0.68,-0.40662747440361457496,-0.95809172688447841182,-0.62777262333904204628,0.82518190983066830313,1.02716022242305160539,0.12506240837486787276
0.70,-0.42496975452467017353,-0.95415634701610807511,-0.61531006728878745449,0.83876088280073268777,1.03257195699747827966,0.10714181411031291347
0.72,-0.44321895315941084448,-0.95000163991644237527,-0.60271012740269580554,0.85214200777154514022,1.03773763988549760917,0.08919359250164600461
0.74,-0.46137191501459212661,-0.94563083896146404861,-0.58997726994344235063,0.86532432956901716992,1.04265858858310944690,0.07122224973487459310
0.76,-0.47942559399333706249,-0.94104719055591967702,-0.57711591344492485511,0.87830699342700391252,1.04733618809158879337,0.05323219978443377576
0.78,-0.49737705319513625390,-0.93625395413331924388,-0.56413042871226315444,0.89108924498730401886,1.05177189091748646277,0.03522776441318592466
0.80,-0.51522346491584825046,-0.93125440215593657811,-0.55102513882179893212,0.90367043029965987699,1.05596721707262819479,0.01721317317242079814
0.82,-0.53296211064769938304,-0.92605182011480935422,-0.53780431912109616377,0.91604999582175739015,1.05992375407411576482,-0.00080743659814466739
0.84,-0.55059038107928326422,-0.92064950652973875922,-0.52447219722894089511,0.92822748841922608776,1.06364315694432542969,-0.01883001977036583008
0.86,-0.56810577609556156542,-0.91505077294928971465,-0.51103295303534113092,0.94020255536563923648,1.06712714821090925987,-0.03685062342767103649
0.88,-0.58550590477786357280,-0.90925894395079076560,-0.49749071870152705710,0.95197494434251361817,1.07037751790679491748,-0.05486538686506098328
0.90,-0.60278848540388629829,-0.90327735714033430270,-0.48384957865995092963,0.96354450343930952982,1.07339612357018499011,-0.07287054158910938328
0.92,-0.61995134544769436857,-0.89710936315277645114,-0.47011356961428696355,0.97491118115343111672,1.07618489024455765701,-0.09086241131796213288
0.94,-0.63699242157972035816,-0.89075832565173673760,-0.45628668053943177707,0.98607502639022581725,1.07874581047866646699,-0.10883741198133811690
0.96,-0.65390975966676401221,-0.88422762132959864534,-0.44237285268150400297,0.99703618846298502909,1.08108094432654011641,-0.12679205172052854245
0.98,-0.67070151477199357881,-0.87752063990750939215,-0.42837597955784390003,1.00779491709294366508,1.08319241934748311529,-0.14472293088839766062
1.00,-0.68736595115494369956,-0.87064078413537981938,-0.41429990695701446324,1.01835156240927982019,1.08508243060607445507,-0.16262674204938171174
1.02,-0.70390144227151885126,-0.86359146979188416982,-0.40014843293879998054,1.02870657494911621477,1.08675324067216960700,-0.18050026997949070173
1.04,-0.72030647077398868294,-0.85637612568446075390,-0.38592530783420786467,1.03886050565751797414,1.08820717962089852371,-0.19834039166630607065
1.06,-0.73657962851099267887,-0.84899819364931172760,-0.37163423424546665474,1.04881400588749462699,1.08944664503266719358,-0.21614407630898241353
1.08,-0.75271961652753649474,-0.84146112855140253739,-0.35727886704602784818,1.05856782739999921716,1.09047410199315630841,-0.23390838531824681423
1.10,-0.76872524506499462227,-0.83376839828446214220,-0.34286281338056395773,1.06812282236392808166,1.09129208309332215165,-0.25163047231639973367
1.12,-0.78459543356110850176,-0.82592348377098412371,-0.32838963266497045446,1.07747994335612151673,1.09190318842939704247,-0.26930758313731323339
1.14,-0.80032895841457674102,-0.81792959648101570824,-0.31386273099820416466,1.08663987535823403086,1.09230970117871128977,-0.28693697158714814854
1.16,-0.81592466201547952931,-0.80978985693446903227,-0.29928540112164386811,1.09560331075336647721,1.09251385584640714477,-0.30451599761702996538
1.18,-0.83138168775167886615,-0.80150758974734570561,-0.28466094804138997176,1.10437130936925376190,1.09251822527516040395,-0.32204218955397667656
1.20,-0.84669923643206512764,-0.79308607999849956016,-0.26999261199441776382,1.11294495882398725151,1.09232537580867616889,-0.33951314788103120756
1.22,-0.86187656628655795465,-0.78452857322963631681,-0.25528356844857652552,1.12132537452601588335,1.09193786729168840210,-0.35692654523726208282
1.24,-0.87691299296610603076,-0.77583827544531369647,-0.24053692810259014179,1.12951369967414549933,1.09135825306995970507,-0.37428012641776337022
1.26,-0.89180788954268652713,-0.76701835311294130904,-0.22575573688605665712,1.13751110525753906799,1.09058907999028220637,-0.39157170837365440352
1.28,-0.90656068650930610175,-0.75807193316278087547,-0.21094297595944855317,1.14531879005571646246,1.08963288840047689554,-0.40879918021208028200
1.30,-0.92117087178000001124,-0.74900210298794622776,-0.19610156171411263770,1.15293798063855468250,1.08849221214939362312,-0.42596050319621103775
1.32,-0.93563799068983255491,-0.73981191044440308691,-0.18123434577227012787,1.16036993136628785450,1.08716957858691110061,-0.44305371074524269037
1.34,-0.94996164599489718583,-0.73050436385096895187,-0.16634411498701634491,1.16761592438950723150,1.08566750856393734459,-0.46007690843439652539
1.36,-0.96414149787231595568,-0.72108243198931376572,-0.15143359144232124147,1.17467726964916097110,1.08398851643240901055,-0.47702827399491920524
1.38,-0.97817726392024018089,-0.71154904410395913850,-0.13650543245302892981,1.18155530487655435756,1.08213511004529205906,-0.49390605731408288026
1.40,-0.99206871915784988758,-0.70190708990227890229,-0.12156223056485804257,1.18825139559334957973,1.08010979075658131165,-0.51070858043518518876
1.42,-1.00581569602535414454,-0.69215941955449877820,-0.10660651355440167731,1.19476693511156595306,1.07791505342130022882,-0.52743423755754892390
1.44,-1.01941808438399106329,-0.68230884369369626530,-0.09164074442912656382,1.20110334453358014173,1.07555338639550202018,-0.54408149503652292189
1.46,-1.03287583151602779807,-0.67235813341580108471,-0.07666732142737436861,1.20726207275212571446,1.07302727153626809020,-0.56064889138348128483
1.48,-1.04618894212476010175,-0.66231002027959529066,-0.06168857801836130639,1.21324459645029292254,1.07033918420170937047,-0.57713503726582304765
1.50,-1.05935747833451276989,-0.65216719630671238228,-0.04670678290217766815,1.21905242010152958798,1.06749159325096543149,-0.59353861550697306626
1.52,-1.07238155969064008488,-0.64193231398163796975,-0.03172414000978757143,1.22468707596964021533,1.06448696104420514885,-0.60985838108638212862
1.54,-1.08526136315952426159,-0.63160798625170988529,-0.01674278850303034805,1.23015012410878665783,1.06132774344262603705,-0.62609316113952562244
1.56,-1.09799712312857744578,-0.62119678652711796119,-0.00176480277461915636,1.23544315236348789533,1.05801638980845469362,-0.64224185495790497846
1.58,-1.11058913140624015981,-0.61070124868090391868,0.01320780755185801958,1.24056777636861936820,1.05455534300494702116,-0.65830343398904644925
1.60,-1.12303773722198219076,-0.60012386704896103495,0.02817309762193975775,1.24552563954941430957,1.05094703939638733914,-0.67427694183650277449
1.62,-1.13534334722630236847,-0.58946709643003547541,0.04312918735028947737,1.25031841312146263512,1.04719390884808971620,-0.69016149425985140464
1.64,-1.14750617596331250247,-0.57873335624866750759,0.05807412333327233861,1.25494758494143465732,1.04329825119096830655,-0.70595605114650705758
1.66,-1.15952640866187706159,-0.56792501225646319085,0.07300598226318989747,1.25941458885925738898,1.03926230270819419665,-0.72165957322688489839
1.68,-1.17140446419155774826,-0.55704438083069041099,0.08792300901917216027,1.26372103191320794835,1.03508837418208266001,-0.73727125794290171434
1.70,-1.18314077892346802834,-0.54609374066966320793,0.10282349013864074128,1.26786851579494164177,1.03077875121207807041,-0.75279033780423521005
1.72,-1.19473580673027268695,-0.53507533279274233085,0.11770575381730777331,1.27185863684949307384,1.02633569421475367989,-0.76821608038832311927
1.74,-1.20619001898618893875,-0.52399136054033434995,0.13256816990917671961,1.27569298607527481515,1.02176143842381117466,-0.78354778834036398205
1.76,-1.21750390456698531771,-0.51284398957389243368,0.14740914992654202686,1.27937314912407851253,1.01705819389008089715,-0.79878479937331681171
1.78,-1.22867796984998189913,-0.50163534787591590458,0.16222714703998938890,1.28290070630107466698,1.01222814548152162395,-0.81392648626790120581
1.80,-1.23971273871405074374,-0.49036752574995023934,0.17702065607839537198,1.28627723256481218961,1.00727345288322167605,-0.82897225687259701310
1.82,-1.25060875253961567566,-0.47904257582058740184,0.19178821352892777563,1.28950429752721862364,1.00219625059739714246,-0.84392155410364533275
1.84,-1.26136657020865206036,-0.46766251303346534351,0.20652839753704552161,1.29258346545360058855,0.99699864794339321250,-0.85877385594504707100
1.86,-1.27198676810468702669,-0.45622931465526861405,0.22123982790649845964,1.29551629526264289183,0.99168272905768362069,-0.87352867544856405146
1.88,-1.28246994011279968895,-0.44474492027372780623,0.23592116609932764493,1.29830434052640941722,0.98625055289387097979,-0.88818556073371857096
1.90,-1.29281669761962025866,-0.43321123179761983346,0.25057111523586511614,1.30094914947034245856,0.98070415322268644776,-0.90274409498779351058
1.92,-1.30302766951333115486,-0.42163011345676815189,0.26518842009473386767,1.30345226497326316384,0.97504553863198994978,-0.91720389646583189158
1.94,-1.31310350218366678199,-0.41000339180204181666,0.27977186711284862675,1.30581522456737131321,0.96927669252676973422,-0.93156461849063809666
1.96,-1.32304485952191241971,-0.39833285570535670317,0.29432028438541457671,1.30803956043824554101,0.96339957312914326071,-0.94582594945277664866
1.98,-1.33285242292090599925,-0.38662025635967495196,0.30883254166592788437,1.31012679942484289164,0.95741611347835653412,-0.95998761281057221062
2.00,-1.34252689127503610500,-0.37486730727900496873,0.32330755036617619957,1.31207846301949926371,0.95132822143078388244,-0.97404936709011025187
2.02,-1.35206898098024463906,-0.36307568429840075819,0.33774426355623859974,1.31389606736792896591,0.94513777965992862296,-0.98801100588523738111
2.04,-1.36147942593402326850,-0.35124702557396364488,0.35214167596448403552,1.31558112326922560520,0.93884664565642272915,-1.00187235785755990314
2.06,-1.37075897753541697810,-0.33938293158284055240,0.36649882397757377328,1.31713513617586097659,0.93245665172802694176,-1.01563328673644504008
2.08,-1.37990840468502140581,-0.32748496512322494700,0.38081478564045934121,1.31855960619368550724,0.92596960499963043567,-1.02929369131902070933
2.10,-1.38892849378498484114,-0.31555465131435617154,0.39508868065638402811,1.31985602808192847846,0.91938728741325126403,-1.04285350547017507949
2.12,-1.39782004873900644881,-0.30359347759652033361,0.40931967038688177318,1.32102589125319824781,0.91271145572803602519,-1.05631269812255701446
2.14,-1.40658377433222003816,-0.29160297007624913501,0.42350682968882291668,1.32207062120085261370,0.90594385114033970652,-1.06967112874713077275
2.16,-1.41522034518313799545,-0.27958463742302758215,0.43764923206740430350,1.32299160821921590880,0.89908618366980774805,-1.08292863840021036381
2.18,-1.42373053381414260699,-0.26753989410406370242,0.45174608437153146445,1.32379027554201345040,0.89214012800079867116,-1.09608520483354854314
2.20,-1.43211511373755095988,-0.25547012984217487563,0.46579661514499576258,1.32446803390915102128,0.88510733692090992619,-1.10914081931924313196
2.22,-1.44037485945561405387,-0.24337670961578761197,0.47980007462647422667,1.32502628156671353743,0.87798944132097811455,-1.12209548664973701726
2.24,-1.44851054646051791153,-0.23126097365893810709,0.49375573474952944020,1.32546640426696660242,0.87078805019507887764,-1.13494922513781859585
2.26,-1.45652295123438269009,-0.21912423746127157598,0.50766288914260992993,1.32578977526835517509,0.86350475064052700791,-1.14770206661662177439
2.28,-1.46441285124926334760,-0.20696779176804275258,0.52152085312904961079,1.32599775533550401363,0.85614110785787611579,-1.16035405643962574729
2.30,-1.47218102496714942085,-0.19479290258011569548,0.53532896372706861854,1.32609169273921789767,0.84869866515091907377,-1.17290525348065455269
2.32,-1.47982825183996435925,-0.18260081115396403773,0.54908657964977169996,1.32607292325648185027,0.84117894392668790537,-1.18535573013387773855
2.34,-1.48735531230956707915,-0.17039273400166984884,0.56279308130515104391,1.32594277017045980571,0.83358344369545323005,-1.19770557231381125085
2.36,-1.49476298780774974340,-0.15816986289092566098,0.57644787079608295066,1.32570254427049660784,0.82591364207072515136,-1.20995487945531454699
2.38,-1.50205206075624042583,-0.14593336484503263706,0.59005037192033027438,1.32535354385211601169,0.81817099476925259083,-1.22210376451359348238
2.40,-1.50922331456670066885,-0.13368438214290159771,0.60360003017054120189,1.32489705471702268191,0.81035693561102395410,-1.23415235396419920022
2.42,-1.51627753364072681563,-0.12142403231905266048,0.61709631273424958575,1.32433435017310019433,0.80247287651926602070,-1.24610078780302790946
2.44,-1.52321550336984978813,-0.10915340816361515652,0.63053870849387538833,1.32366669103441259026,0.79452020752044516527,-1.25794921954632110683
2.46,-1.53003801013553486499,-0.09687357772232776942,0.64392672802672390464,1.32289532562120326631,0.78650029674426658044,-1.26969781623066579890
2.48,-1.53674584130918234770,-0.08458558429653878497,0.65725990360498609544,1.32202148975989608459,0.77841449042367472089,-1.28134675841299405796
2.50,-1.54333978525212622834,-0.07229044644320570256,0.67053778919573869821,1.32104640678309426249,0.77026411289485285927,-1.29289624017058324412
2.52,-1.54982063131563574387,-0.05998915797489473567,0.68375996046094467129,1.31997128752958126086,0.76205046659722319724,-1.30434646910105711548
2.54,-1.55618916984091404387,-0.04768268795978247709,0.69692601475745186157,1.31879733034431989580,0.75377483207344742056,-1.31569766632238294157
2.56,-1.56244619215909930077,-0.03537198072165426144,0.71003557113699422576,1.31752572107845367100,0.74543846796942614397,-1.32695006647287483403
2.58,-1.56859249059126359960,-0.02305795583990494224,0.72308827034619116425,1.31615763308930500131,0.73704261103429880020,-1.33810391771119086002
2.60,-1.57462885844841427030,-0.01074150814953844790,0.73608377482654852031,1.31469422724037698913,0.72858847612044397302,-1.34915948171633592878
2.62,-1.58055609003149277747,0.00157649225883182975,0.74902176871445691475,1.31313665190135187011,0.72007725618347939722,-1.36011703368765912714
2.64,-1.58637494018168601073,0.01389513803587184675,0.76190188300910588470,1.31148604178351346761,0.71151015777877713031,-1.37097679409175365883
2.66,-1.59208614496646450043,0.02621352691349803157,0.77472374293368151399,1.30974351280358303207,0.70288837328350528555,-1.38173896899118742176
2.68,-1.59769046834911421229,0.03853082598320341223,0.78748704806649216792,1.30791016734081932960,0.69421304651354431847,-1.39240382508938065342
2.70,-1.60318867040021251213,0.05084621700573228181,0.80019150843219022384,1.30598709653686206877,0.68548530601829216202,-1.40297163304955274654
2.72,-1.60858150729762860998,0.06315889641108136943,0.81283684450177318137,1.30397538029573056839,0.67670626508066411553,-1.41344266749472291522
2.74,-1.61386973132652289387,0.07546807529849818008,0.82542278719258255215,1.30187608728382464562,0.66787702171709406596,-1.42381720700770908472
2.76,-1.61905409087934670787,0.08777297943648207368,0.83794907786830441498,1.29969027492992417194,0.65899865867753293358,-1.43409553413112877962
2.78,-1.62413533045584368431,0.10007284926278392501,0.85041546833896930480,1.29741898942518907312,0.65007224344544989325,-1.44427793536739867974
2.80,-1.62911419066304885561,0.11236693988440633885,0.86282172086095232366,1.29506326572316021739,0.64109882823783170824,-1.45436470117873506425
2.82,-1.63399140821528821022,0.12465452107760327527,0.87516760813697280774,1.29262412753975763913,0.63207945000518273027,-1.46435612598715314547
2.84,-1.63876771593417935868,0.13693487728788061863,0.88745291331609510443,1.29010258735328253721,0.62301513043152523252,-1.47425250817446817919
2.86,-1.64344384274863197781,0.14920730762999531716,0.89967742999372735113,1.28749964640441594277,0.61390687593439952074,-1.48405415008229391027
2.88,-1.64802051369484670040,0.16147112588795647925,0.91184096221162280749,1.28481629469621871920,0.60475567766486293397,-1.49376135801204390496
2.90,-1.65249844991631533730,0.17372566051502444373,0.92394332445787874519,1.28205351099413245031,0.59556251150749128787,-1.50337444222493066270
2.92,-1.65687836866382198764,0.18597025463371125165,0.93598434166693689207,1.27921226282597899626,0.58632833808037787549,-1.51289371694196672635
2.94,-1.66116098329544192858,0.19820426603578047975,0.94796384921958409819,1.27629350648195982743,0.57705410273513368935,-1.52231950034396312788
2.96,-1.66534700327654139329,0.21042706718224735152,0.95988169294295078160,1.27329818701465735664,0.56774073555688742143,-1.53165211457153094265
2.98,-1.66943713417977845914,0.22263804520337843185,0.97173772911051248258,1.27022723823903382900,0.55838915136428590724,-1.54089188572507995723
3.00,-1.67343207768510304767,0.23483660189869209889,0.98353182444208886448,1.26708158273243154390,0.54900024970949345970,-1.55003914386481955745
3.02,-1.67733253157975625847,0.24702215373695865508,0.99526385610384460190,1.26386213183457329912,0.53957491487819186915,-1.55909422301075872852
3.04,-1.68113918975827036917,0.25919413185619932793,1.00693371170828815941,1.26056978564756194672,0.53011401588958118047,-1.56805746114270538882
3.06,-1.68485274222246972364,0.27135198206368715823,1.01854128931427290183,1.25720543303588083717,0.52061840649637902700,-1.57692920020026705608
3.08,-1.68847387508146939972,0.28349516483594683347,1.03008649742699631702,1.25376995162639315318,0.51108892518482096357,-1.58570978608285018119
3.10,-1.69200327055167676349,0.29562315531875460461,1.04156925499800045998,1.25026420780834235380,0.50152639517465991137,-1.59439956864966081440
3.12,-1.69544160695679035911,0.30773544332713892446,1.05298949142517317412,1.24668905673335239648,0.49193162441916638006,-1.60299890171970482733
3.14,-1.69878954847991825439,0.31983149455714854348,1.06434710785646968745,1.24304535446336528182,0.48230543549294851990,-1.61150811400504956339
3.16,-1.70204774803334579758,0.33191077618502767832,1.07564200062927506352,1.23933394662359996907,0.47264864388038596577,-1.61992752476913071114
3.18,-1.70521686069248357143,0.34397279761670479514,1.08687410336162915137,1.23555565792193977614,0.46296202793769986039,-1.62825747677852561424
3.20,-1.70829753696938269059,0.35601707674967519868,1.09804335447324752373,1.23171130458567823496,0.45324635600531049118,-1.63649831300071113560
3.22,-1.71129042281273413550,0.36804313997299653582,1.10914969718551814637,1.22780169436152175599,0.44350238640784112043,-1.64465037660406032671
3.24,-1.71419615960786853037,0.38005052216729329206,1.12019307952150448671,1.22382762651558651967,0.43373086745411432164,-1.65271401095784575830
3.26,-1.71701538417675614312,0.39203876670475240607,1.13117345430594218314,1.21978989183340091884,0.42393253743715547666,-1.66068955963223596761
3.28,-1.71974872877800777360,0.40400742544912737753,1.14209077916524215368,1.21568927261990400446,0.41410812463418944507,-1.66857736639829901115
3.30,-1.72239682110687297723,0.41595605875573438137,1.15294501652748815346,1.21152654269944681786,0.40425834730664372829,-1.67637777522799935603
3.32,-1.72496028429524250747,0.42788423547145620907,1.16373613362243921721,1.20730246741579083647,0.39438391370014536097,-1.68409113029420076657
3.34,-1.72743973691164542927,0.43979153293473821629,1.17446410248152655065,1.20301780363210952807,0.38448552204452401959,-1.69171777597066319565
3.36,-1.72983579296125200564,0.45167753697559198667,1.18512889993785641707,1.19867329973098724061,0.37456386055380930244,-1.69925805683204567131
3.38,-1.73214906188587169922,0.46354184191559305583,1.19573050762620902709,1.19426969561441942425,0.36461960742623233944,-1.70671231765390452040
3.40,-1.73438014856395383845,0.47538405056788135550,1.20626891198303809460,1.18980772270381351952,0.35465343084422540354,-1.71408090341269403467
3.42,-1.73652965331058761755,0.48720377423716171306,1.21674410424647105877,1.18528810393998740302,0.34466598897442179972,-1.72136415928576624879
3.44,-1.73859817187750209655,0.49900063271970346301,1.22715608045630975020,1.18071155378317071971,0.33465792996765592049,-1.72856243065137094028
3.46,-1.74058629545306620123,0.51077425430334066903,1.23750484145402950276,1.17607877821300421672,0.32462989195896319039,-1.73567606308865585163
3.48,-1.74249461066228872319,0.52252427576747151328,1.24779039288278004172,1.17139047472854018750,0.31458250306758034354,-1.74270540237766646818
3.50,-1.74432369956681809775,0.53425034238305924017,1.25801274518738415154,1.16664733234824180563,0.30451638139694514607,-1.74965079449934601818
3.52,-1.74607413966494307012,0.54595210791263215633,1.26817191361433967423,1.16185003160998356897,0.29443213503469589654,-1.75651258563553613889
3.54,-1.74774650389159136310,0.55762923461028179872,1.27826791821181728892,1.15699924457105152165,0.28433036205267292473,-1.76329112216897532228
3.56,-1.74934136061833167552,0.56928139322166559921,1.28830078382966228823,1.15209563480814281000,0.27421165050691709286,-1.76998675068330069138
3.58,-1.75085927365337146178,0.58090826298400466410,1.29827054011939346800,1.14713985741736568258,0.26407657843767040617,-1.77659981796304644597
3.60,-1.75230080224155893021,0.59250953162608532843,1.30817722153420357145,1.14213255901424015626,0.25392571386937617950,-1.78313067099364541690
3.62,-1.75366650106438126677,0.60408489536825893396,1.31802086732895995524,1.13707437773369690603,0.24375961481067814907,-1.78957965696142773382
3.64,-1.75495692015061144353,0.61563403618136580686,1.32780150206406344360,1.13196595541402134089,0.23357884979698212424,-1.79594711157065178853
3.66,-1.75617260244941642000,0.62715663635350915595,1.33751914675441918590,1.12680792766803805627,0.22338398346458385180,-1.80223336427806701820
3.68,-1.75731408560508572947,0.63865240264400480186,1.34717384048248622896,1.12160091237876180514,0.21317555558883752309,-1.80843875222252337132
3.70,-1.75838190326821708354,0.65012104673804016475,1.35676562439017311945,1.11634552135816011997,0.20295409944805650748,-1.81456361144035560606
3.72,-1.75937658509571526189,0.66156228524667082258,1.36629454167883412907,1.11104236034715420089,0.19272014182351682177,-1.82060827686538040382
3.74,-1.76029865675079255638,0.67297583970682373078,1.37576063760927214119,1.10569202901561824959,0.18247420299945360522,-1.82657308232889836752
3.76,-1.76114863990296965923,0.68436143658129389156,1.38516395950173576423,1.10029512096238102359,0.17221679676306475559,-1.83245836055969202327
3.78,-1.76192705222807388665,0.69571880725874790663,1.39450455673592310646,1.09485222371522294971,0.16194843040450723759,-1.83826444318402826283
3.80,-1.76263440740824095521,0.70704768805372031348,1.40378248075097689096,1.08936391873087923265,0.15166960471690080214,-1.84399166072565523500
3.82,-1.76327121513191364954,0.71834782020661702706,1.41299778504548978475,1.08383078139503807868,0.14138081399632421165,-1.84964034260580612035
3.84,-1.76383798109384248853,0.72961894988371223114,1.42215052517749951377,1.07825338102234091764,0.13108254604181895919,-1.85521081714319580058
3.86,-1.76433520699508594731,0.74086082817715126492,1.43124075876449263767,1.07263228085638284703,0.12077528215538607670,-1.86070341155402241284
3.88,-1.76476339054300979114,0.75207321110494840255,1.44026854548340255135,1.06696803806971174389,0.11045949714198805003,-1.86611845195196757174
3.90,-1.76512302545128729747,0.76325585961098785237,1.44923394707060948505,1.06126120376383004107,0.10013565930954831940,-1.87145626334819548120
3.92,-1.76541460143989970000,0.77440853956502364586,1.45813702732194161449,1.05551232296919228482,0.08980423046895119610,-1.87671716965135337851
3.94,-1.76563860423513552256,0.78553102176267941559,1.46697785209267417272,1.04972193464520757722,0.07946566593404175149,-1.88190149366757197846
3.96,-1.76579551556959102321,0.79662308192544895036,1.47575648929752967220,1.04389057168023735578,0.06912041452162615007,-1.88700955710046458513
3.98,-1.76588581318216997218,0.80768450070069519597,1.48447300891067812678,1.03801876089159739180,0.05876891855147153843,-1.89204168055112775804
4.00,-1.76590997081808387392,0.81871506366165136548,1.49312748296573616358,1.03210702302555623611,0.04841161384630582321,-1.89699818351814064599
4.02,-1.76586845822885196711,0.82971456130742038404,1.50171998555576857726,1.02615587275733588513,0.03804892973181767113,-1.90187938439756631936
4.04,-1.76576174117230078053,0.84068278906297488895,1.51025059283328721982,1.02016581869111222503,0.02768128903665675877,-1.90668560048294999376
4.06,-1.76559028141256479927,0.85161954727915700758,1.51871938301025077855,1.01413736336001414351,0.01730910809243410564,-1.91141714796532036225
4.08,-1.76535453672008557646,0.86252464123267880147,1.52712643635806566422,1.00807100322612397392,0.00693279673372107497,-1.91607434193318892923
4.10,-1.76505496087161284358,0.87339788112612226634,1.53547183520758556696,1.00196722868047749522,-0.00344724170194965485,-1.92065749637255067661
4.12,-1.76469200365020362220,0.88423908208793955410,1.54375566394911212242,0.99582652404306359895,-0.01383061037408528371,-1.92516692416688317557
4.14,-1.76426611357197038465,0.89504805089492545100,1.55197799914763701068,0.98964937705300670689,-0.02421690552756943643,-1.92960293279180250536
4.16,-1.76377773448988217631,0.90582459418478011859,1.56013891473516697062,0.98343627153654233908,-0.03460572566040860665,-1.93396582543028339174
4.18,-1.76322730380003811490,0.91656853273068483734,1.56823849325116504438,0.97718767817720875168,-0.04499668536204143310,-1.93825590663137137248
4.20,-1.76261525570257093776,0.92727969018445388638,1.57627681797383978335,0.97090406337342949339,-0.05538940345853828745,-1.94247347951933679866
4.22,-1.76194202120164788994,0.93795789307653087974,1.58425397292014236150,0.96458588923851584784,-0.06578350301259766608,-1.94661884579367416848
4.24,-1.76120802810547050221,0.94860297081599254110,1.59217004284576901796,0.95823361360066461323,-0.07617861132354977749,-1.95069230572910390364
4.26,-1.76041370102627481309,0.95921475569054481802,1.60002511324515950264,0.95184769000296021169,-0.08657435992735298957,-1.95469415817556968484
4.28,-1.75955946138033048065,0.96979308286652687876,1.60781927035149796446,0.94542856770337257988,-0.09697038459659733378,-1.95862470055824133830
4.30,-1.75864572738794189277,0.98033779038890700441,1.61555260113671250721,0.93897669167475927843,-0.10736632534050094545,-1.96248422887751172716
4.32,-1.75767291407344727894,0.99084871918128691881,1.62322519331147541166,0.93249250260486316044,-0.11776182640491382470,-1.96627303770900030422
4.34,-1.75664143326521959843,1.00132571304589745864,1.63083713532520246936,0.92597643689631525810,-0.12815653627231396450,-1.96999142020354955918
4.36,-1.75555169359566543008,1.01176861866360212616,1.63838851636605475903,0.91942892666663145196,-0.13855010766181102833,-1.97363966808722746116
4.38,-1.75440410050122608254,1.02217728559389486875,1.64587942636093575999,0.91285039974821569064,-0.14894219752914300559,-1.97721807166132679257
4.40,-1.75319905622237692810,1.03255156627490141119,1.65330995597549468279,0.90624127968835732627,-0.15933246706667944514,-1.98072691980236492704
4.42,-1.75193695980362762477,1.04289131602337770133,1.66068019661412336063,0.89960198574923344594,-0.16972058170341799976,-1.98416649996208338536
4.44,-1.75061820709352189418,1.05319639303471213054,1.66799024041995891388,0.89293293290790654027,-0.18010621110498781228,-1.98753709816744916772
4.46,-1.74924319074463774371,1.06346665838292375739,1.67524018027488219573,0.88623453185632583562,-0.19048902917364768372,-1.99083899902065386556
4.48,-1.74781230021358746640,1.07370197602066252962,1.68243010979951734818,0.87950718900132807132,-0.20086871404828549048,-1.99407248569911343949
4.50,-1.74632592176101808512,1.08390221277920928422,1.68956012335323313422,0.87275130646463627837,-0.21124494810441893367,-1.99723783995546799730
4.52,-1.74478443845160979819,1.09406723836847752374,1.69663031603414293791,0.86596728208285889128,-0.22161741795419739876,-2.00033534211758379229
4.54,-1.74318823015407775578,1.10419692537701097379,1.70364078367910320999,0.85915550940749207953,-0.23198581444639868043,-2.00336527108855122492
4.56,-1.74153767354117117172,1.11429114927198402718,1.71059162286371524431,0.85231637770491830430,-0.24234983266643039812,-2.00632790434668439872
4.58,-1.73983314208967376757,1.12434978839920352023,1.71748293090232406755,0.84545027195640665152,-0.25270917193633102293,-2.00922351794552289661
4.60,-1.73807500608040288448,1.13437272398310673438,1.72431480584801866129,0.83855757285811249879,-0.26306353581476804582,-2.01205238651383178095
4.62,-1.73626363259821059337,1.14435984012676250643,1.73108734649263262817,0.83163865682107784849,-0.27341263209704025350,-2.01481478325559981712
4.64,-1.73439938756481026871,1.15431101577918893142,1.73780064659321964449,0.82469390204033388159,-0.28375616450574675520,-2.01751097769229170709
4.66,-1.73248263420870363127,1.16422612930000490827,1.74445479795079760876,0.81772368472546308471,-0.29409383760391377693,-2.02014123660643107883
4.68,-1.73051373126328655871,1.17410506739198639004,1.75104989707793978759,0.81072837274384024209,-0.30442536580118700895,-2.02270582696751644036
4.70,-1.72849303490906791581,1.18394771852436031523,1.75758604062153800385,0.80370833082728965202,-0.31475046640886655824,-2.02520501433505462074
4.72,-1.72642089877366911033,1.19375397293280105515,1.76406332536280086032,0.79666392057208745836,-0.32506885963990317379,-2.02763906285855899370
4.74,-1.72429767393182498125,1.20352372261943330045,1.77048184821725573812,0.78959550043895998517,-0.33538026860890207681,-2.03000823527755258624
4.76,-1.72212370890538335466,1.21325686135282939659,1.77684170623474679829,0.78250342575308506898,-0.34568441933211924155,-2.03231279292156408189
4.78,-1.71989934966330526578,1.22295328466801200840,1.78314299659943698018,0.77538804870409061554,-0.35598104072746494797,-2.03455299571013137339
4.80,-1.71762493962166429284,1.23261288986645167753,1.78938581662980578102,0.76824971834605637611,-0.36626986461450028454,-2.03672910215279889812
4.82,-1.71530081964364722324,1.24223557601606904299,1.79557026377865125433,0.76108878059751172707,-0.37655062571444097852,-2.03884136934911941452
4.84,-1.71292732803955449761,1.25182124395123217653,1.80169643563308867762,0.75390557824143844545,-0.38682306165015284405,-2.04089005298865311389
4.86,-1.71050480056679865548,1.26136979627276035743,1.80776442991455166265,0.74670045092526748931,-0.39708691294615688916,-2.04287540735096806443
4.88,-1.70803357042990611170,1.27088113734791940956,1.81377434447879082313,0.73947373516088232837,-0.40734192302862415325,-2.04479768530563932316
4.90,-1.70551396828051515797,1.28035517331042636435,1.81972627731587510702,0.73222576432461572438,-0.41758783822538070307,-2.04665713831225071218
4.92,-1.70294632221737884947,1.28979181206044546393,1.82562032655019046423,0.72495686865725283976,-0.42782440776590280329,-2.04845401642039259826
4.94,-1.70033095778636145212,1.29919096326459171387,1.83145659044044162300,0.71766737526402823999,-0.43805138378132146837,-2.05018856826966366924
4.96,-1.69766819798044132916,1.30855253835592688638,1.83723516737965009149,0.71035760811462866915,-0.44826852130441824373,-2.05186104108967048987
4.98,-1.69495836323971005299,1.31787645053396418326,1.84295615589515571209,0.70302788804319038540,-0.45847557826962936911,-2.05347168070002705775
5.00,-1.69220177145137129493,1.32716261476466401703,1.84861965464861555120,0.69567853274830182553,-0.46867231551304167070,-2.05502073151035435927
